2915237,3,4,16,3,0,NULL,en,NULL,,0,1,0,http://pbs.twimg.com/profile_images/771033171588632577/96GT1gEW_normal.jpg,NULL,1,https://abs.twimg.com/images/themes/theme1/bg.png,333333,-1,0,0,,01-12-14 9:10,0118-02-08 21:12:31
2839652,129,19,39,70,0,NULL,fr,NULL,Lyon ,0,1,0,http://pbs.twimg.com/profile_images/533583379003105281/sA0yGPC-_normal.jpeg,https://pbs.twimg.com/profile_banners/2839652693/1414927681/web,1,https://abs.twimg.com/images/themes/theme1/bg.png,333333,-1,0,0,,21-10-14 16:35,0118-02-08 21:12:31
4382377,514,51,69,881,0,NULL,en,Chennai,,1,1,0,http://pbs.twimg.com/profile_images/2309901210/mzrvvsfqcljpb3nrnrkr_normal.jpeg,https://pbs.twimg.com/profile_banners/438237707/1401042287/web,1,https://abs.twimg.com/images/themes/theme1/bg.png,333333,19800,0,0,,16-12-11 16:07,0118-02-08 21:12:32
4503559,157,25,148,145,0,NULL,en,NULL,New Delhi India,0,1,0,http://pbs.twimg.com/profile_images/809406090647572480/_ptL7JW6_normal.jpg,NULL,1,NULL,333333,-1,0,0,,16-12-15 19:33,0118-02-08 21:12:32
1537506,11297,2246,355,9621,14,NULL,en,Central Time (US & Canada),Kansas USA,1,0,0,http://pbs.twimg.com/profile_images/820115867543420929/bScA5Vi8_normal.jpg,https://pbs.twimg.com/profile_banners/1537506235/1495513910/web,1,https://abs.twimg.com/images/themes/theme4/bg.gif,3C3940,-21600,0,0,Raiki practitioner Smart thinker good listener believe in humanity troller.keep distance idiot bhakts.,22-06-13 4:16,0118-02-08 21:12:33
2660318,4436,275,194,39370,0,NULL,en,Pacific Time (US & Canada),BenarasiyaIndia,0,0,0,http://pbs.twimg.com/profile_images/965616243356176386/25OhNwp1_normal.jpg,https://pbs.twimg.com/profile_banners/2660318897/1502737957/web,0,https://abs.twimg.com/images/themes/theme1/bg.png,0,-28800,0,0,Proud Indian?? & Socialist?|Jabra Fan of LataJiSachin|Love Is My Religion|Admirer of Love & Truth.,01-07-14 20:11,0118-02-08 21:12:33
2585254,24703,1306,604,8019,8,NULL,en,NULL,Saharanpur India,1,1,0,http://pbs.twimg.com/profile_images/930011734751944704/FQs0Sjfo_normal.jpg,https://pbs.twimg.com/profile_banners/2585254470/1517636808/web,1,https://abs.twimg.com/images/themes/theme1/bg.png,333333,-1,0,0,केवल और केवल @ravishndtv का फैन।एथिकल अनार्किस्ट । अब जो हूँ सो हूँ फर्क भी क्या पड़ता है।   Student CA,24-06-14 12:30,0118-02-08 21:12:33
4528687,393029,2068,1637,122267,72,NULL,en,America/New_York,,0,1,0,http://pbs.twimg.com/profile_images/834649431316180993/D_LA0zYb_normal.jpg,NULL,1,https://abs.twimg.com/images/themes/theme1/bg.png,333333,-18000,0,0,Chronic Retweeter. Proud to be followed by 007 @kapsology,02-01-12 15:32,0118-02-08 21:12:34
1112531,488,43,149,2273,0,http://t.co/tV0aA4Dx,en,New Delhi,,0,0,0,http://pbs.twimg.com/profile_images/680023472915914754/pVK6s0iD_normal.jpg,NULL,1,https://pbs.twimg.com/profile_background_images/773930817/06dc3c18fb5584e95816c83b038bf2d8.jpeg,3C3940,19800,0,0,,04-02-10 14:10,0118-02-08 21:12:34
3816268,32,80,402,15,0,NULL,en,NULL,jhansi,0,1,0,http://pbs.twimg.com/profile_images/844355425994752000/wGhCSzx8_normal.jpg,https://pbs.twimg.com/profile_banners/3816268573/1477109359/web,1,https://abs.twimg.com/images/themes/theme1/bg.png,333333,-1,0,0,I m simple & peaceful girl..but.Never underestimate me..,07-10-15 22:22,0118-02-08 21:12:34
2580470,70,34,197,50,0,NULL,en,NULL,kishni uttr prdesh india,1,1,0,http://pbs.twimg.com/profile_images/793136571289567232/vHOiCbjE_normal.jpg,https://pbs.twimg.com/profile_banners/2580470179/1446569048/web,1,https://abs.twimg.com/images/themes/theme1/bg.png,333333,-1,0,0,,21-06-14 18:56,0118-02-08 21:12:35
2450233,1035,383,410,110,16,https://t.co/nP3LPVHWxk,en,Edinburgh,Edinburgh Scotland,0,0,0,http://pbs.twimg.com/profile_images/832195731637297152/JbrmWHK6_normal.jpg,https://pbs.twimg.com/profile_banners/245023385/1496298893/web,1,https://pbs.twimg.com/profile_background_images/771221394/cfc89c818402e71434c78c29b0fdc73a.png,333333,0,0,0,Social Anthropologist based in Edinburgh UK.,30-01-11 23:32,0118-02-08 21:12:35
1613868,451,186,150,120,3,https://t.co/h3GiHf1NKi,en,Quito,Dublin,1,0,0,http://pbs.twimg.com/profile_images/344513261582107550/c31522fc8b76f66de77c42aad96a49a1_normal.jpeg,NULL,1,https://pbs.twimg.com/profile_background_images/254996353/petra-by-night-jordan-1-XL.jpg,333333,-18000,0,0,Jordanian works @Google Search Quality team/Ireland also a part-time PhD student at @DublinCityUni. Everything shared is my own!,30-06-10 23:59,0118-02-08 21:12:35
2876226,348,252,577,638,20,https://t.co/i0ajqsnwc4,fr,NULL,Grenoble France,0,0,0,http://pbs.twimg.com/profile_images/829427809391149056/48p36aIy_normal.jpg,https://pbs.twimg.com/profile_banners/2876226376/1415967637/web,0,https://abs.twimg.com/images/themes/theme1/bg.png,0,-1,0,0,Postdoctoral researcher at @LIGLab University Grenoble Alps. Interested in Machine Learning NLP Text Mining Information Retrieval.,14-11-14 14:42,0118-02-08 21:12:36
1325632,728,3031,180,1043,21,https://t.co/q26dOxwI96,en,London,Lancaster UK,1,0,0,http://pbs.twimg.com/profile_images/925402143787544582/Hs658o3M_normal.jpg,https://pbs.twimg.com/profile_banners/1325632296/1510166505/web,1,https://pbs.twimg.com/profile_background_images/626382663990005760/NjCCZ_s9.png,333333,0,0,0,Senior Researcher at Lancaster University - Financial Narrative Processing Arabic #NLProc Machine Learning MultiLing Corpus & Computational Linguistics.,04-04-13 4:46,0118-02-08 21:12:36
1018332,596,473,337,135,5,NULL,en,Kuwait,Doha Qatar,1,1,0,http://pbs.twimg.com/profile_images/1404249624/Profile_normal.jpg,NULL,1,https://abs.twimg.com/images/themes/theme1/bg.png,333333,10800,0,0,After 20 years at @Microsoft I joined @QatarFoundation to lead the Arabic Language Technologies initiative to Enrich Online Arabic Content. Freedom to #Syria,05-01-10 0:16,0118-02-08 21:12:37
4145524,968,1992,4979,857,28,NULL,en,Pacific Time (US & Canada),,1,1,0,http://pbs.twimg.com/profile_images/811180973597540352/yxEbMIx0_normal.jpg,https://pbs.twimg.com/profile_banners/4145524522/1502279795/web,1,https://abs.twimg.com/images/themes/theme1/bg.png,333333,-28800,0,0,"'""Red Humanitaria de Pilotos Voluntarios de UAV''s (Drones) para Asistencia en Desastres Naturales. Mapeo Análisis Búsqueda y Rescate en Chile.""'",09-11-15 6:02,0118-02-08 21:12:37
23927123,416,266,956,111,9,NULL,en,New Delhi,finite dim. vector space,0,0,0,http://pbs.twimg.com/profile_images/850998440163033089/YjaZRm9Z_normal.jpg,https://pbs.twimg.com/profile_banners/23927123/1401366163/web,1,https://abs.twimg.com/images/themes/theme8/bg.gif,333333,19800,0,0,Problem solver- AI compute healthcare math algorithms ; interests: Mathematical Systems Theory| Science | Humor,12-03-09 15:32,0118-02-08 21:12:37
54875928,2446,680,1471,403,15,https://t.co/5JcDy8RrBi,en,NULL,Glasgow,1,1,0,http://pbs.twimg.com/profile_images/471786051002847232/2p-4di6M_normal.jpeg,https://pbs.twimg.com/profile_banners/54875928/1401315299/web,1,https://abs.twimg.com/images/themes/theme1/bg.png,333333,-1,0,0,Senior Lecturer in computer and information sciences at University of Strathclyde Irish guy will watch any competitive sports. Views are my own etc.,08-07-09 17:36,0118-02-08 21:12:38
21333292,272,141,182,43,3,http://t.co/yFjnrhYYro,en,Edinburgh,Edinburgh UK,0,0,0,http://pbs.twimg.com/profile_images/1350632610/clare_normal.jpg,NULL,1,https://abs.twimg.com/images/themes/theme12/bg.gif,0C3E53,0,0,0,Hmmm general keywords: informatics libraries babies wine green. That should do it.,20-02-09 1:34,0118-02-08 21:12:38
2240239,2588,530,318,1540,60,https://t.co/2vypUrh0Gp,en,Pacific Time (US & Canada),Doha Qatar,0,0,0,http://pbs.twimg.com/profile_images/609962306064113664/_vMQpMDZ_normal.jpg,https://pbs.twimg.com/profile_banners/2240239095/1434263343/web,0,https://abs.twimg.com/images/themes/theme1/bg.png,0,-28800,0,0,Founding ED of QCRI. Formerly Purdue Hewlett-Packard. Industry Consultant and Public Speaker.,23-12-13 23:52,0118-02-08 21:12:38
1859664,166,140,1289,19,1,NULL,en,Cairo,Cairo,1,1,0,http://pbs.twimg.com/profile_images/1705685063/xWw8Ab06_normal,NULL,1,https://abs.twimg.com/images/themes/theme1/bg.png,333333,7200,0,0,System Administrator Specialist,02-09-10 13:15,0118-02-08 21:12:39
2453120,78,31,121,75,0,NULL,en,NULL,,1,1,1,http://abs.twimg.com/sticky/default_profile_images/default_profile_normal.png,NULL,1,https://abs.twimg.com/images/themes/theme1/bg.png,333333,-1,0,0,,31-01-11 17:15,0118-02-08 21:12:39
2567265,1390,329,242,57,20,http://t.co/c8UmV2wfRN,en,NULL,Tarragona (Cat),1,0,0,http://pbs.twimg.com/profile_images/600738422291062784/fxdWSvh7_normal.jpg,https://pbs.twimg.com/profile_banners/2567265674/1413551663/web,1,https://abs.twimg.com/images/themes/theme6/bg.gif,333333,-1,0,0,https://t.co/c8UmV2NRgn | Complex Systems group @IN3_UOC | Tweets on research @CoSIN3_UOC,14-06-14 20:35,0118-02-08 21:12:40
2462868,67,52,60,53,0,NULL,en,NULL,Domiat Egypt,1,1,0,http://pbs.twimg.com/profile_images/641650551420272640/byq25OQW_normal.jpg,https://pbs.twimg.com/profile_banners/246286897/1460200860/web,1,https://abs.twimg.com/images/themes/theme1/bg.png,333333,-1,0,0,اللهم اجعل القادم خير من جميع التوقعات :),02-02-11 19:53,0118-02-08 21:12:40
1159248,1125,1478,2308,462,36,http://t.co/72PvIimqSO,en,NULL,UK,0,0,0,http://pbs.twimg.com/profile_images/833669934584647680/dYTfKpCp_normal.jpg,https://pbs.twimg.com/profile_banners/1159248307/1513370706/web,0,https://abs.twimg.com/images/themes/theme1/bg.png,0,-1,0,0,"An experienced teacher who has produced resources for #computing and #ICT.  Creator of the very popular ""Learning to program with Python in 150 challenges""",08-02-13 11:08,0118-02-08 21:12:40
1154217,63,111,65,19,2,http://t.co/C0bQMIEKCF,en,NULL,Dublin Ireland,1,1,0,http://pbs.twimg.com/profile_images/489827911961030656/wA8SMzkt_normal.jpeg,NULL,1,https://abs.twimg.com/images/themes/theme1/bg.png,333333,-1,0,0,Information Retrieval Researcher School of Computing Dublin City University,18-02-10 21:45,0118-02-08 21:12:41
11164692,10796,1261,2292,5252,81,https://t.co/vfPoAcMMdB,en,Dublin,Bray Co.Wicklow Ireland,1,1,0,http://pbs.twimg.com/profile_images/1662654879/SciCom_Profile_normal.jpg,https://pbs.twimg.com/profile_banners/11164692/1496351859/web,1,https://abs.twimg.com/images/themes/theme1/bg.png,333333,0,0,0,Information Retrieval Personalisation & Digital Humanities @tcddublin & @AdaptCentre. Climbing Mount Everest @IrelandEverest. Sport - Everton Wicklow Ireland,14-12-07 20:16,0118-02-08 21:12:41
90119558,625,261,445,505,4,NULL,en,Amsterdam,,0,0,0,http://pbs.twimg.com/profile_images/935107884714790913/lrSxxKMc_normal.jpg,NULL,1,https://abs.twimg.com/images/themes/theme15/bg.png,333333,3600,0,0,Researcher @FireEye @mandiant traveller and reader.,15-11-09 13:07,0118-02-08 21:12:41
1217248,297,20,181,445,0,NULL,en,Baghdad,,0,1,0,http://pbs.twimg.com/profile_images/763133403977973760/Es2qFtDw_normal.jpg,NULL,1,https://abs.twimg.com/images/themes/theme1/bg.png,333333,10800,0,0,,10-03-10 17:03,0118-02-08 21:12:42
8746072,234,172,610,677,1,http://t.co/aW4QVgu0ch,en,Berlin,Palestine//Germany,0,1,0,http://pbs.twimg.com/profile_images/1968465744/head_new_200_normal.jpg,NULL,1,https://abs.twimg.com/images/themes/theme1/bg.png,333333,3600,0,0,PhD Student @ MPI-INF,08-09-07 20:06,0118-02-08 21:12:42
1524054,46,171,231,35,0,http://t.co/b1nd6wSKUG,en,Madrid,Barcelona,0,0,0,http://pbs.twimg.com/profile_images/529035793432457216/b555KR6C_normal.jpeg,NULL,0,https://abs.twimg.com/images/themes/theme1/bg.png,0,3600,0,0,Ph.D. candidate at UPF Barcelona. Web Research Group Group Recommender Systems Social Web Mining NLP,06-06-10 3:24,0118-02-08 21:12:42
2725181,126,95,366,570,13,https://t.co/ELofVwB5PR,en,Pacific Time (US & Canada),Melbourne Victoria,1,1,0,http://pbs.twimg.com/profile_images/610262310427332608/C97ItYt0_normal.jpg,NULL,1,https://abs.twimg.com/images/themes/theme1/bg.png,333333,-28800,0,0,PhD student @ unimelb. Interested in NLP and Machine Learning.,12-08-14 7:24,0118-02-08 21:12:43
2155551,2443,456,1577,2263,31,https://t.co/NZl1X8Mppd,en-gb,London,London,1,0,0,http://pbs.twimg.com/profile_images/961490414112051200/QiuEFC5E_normal.jpg,https://pbs.twimg.com/profile_banners/2155551894/1517986930/web,0,https://abs.twimg.com/images/themes/theme13/bg.gif,60DBC8,0,0,0,User Researcher AR VR Wearables Health tech Fintech,26-10-13 1:35,0118-02-08 21:12:43
3379292,4,22,80,1,0,NULL,en,NULL,,0,1,1,http://abs.twimg.com/sticky/default_profile_images/default_profile_normal.png,NULL,1,https://abs.twimg.com/images/themes/theme1/bg.png,333333,-1,0,0,,17-07-15 0:51,0118-02-08 21:12:43
21174129,1060,212,446,623,3,NULL,en,New Delhi,Delhi,1,0,0,http://pbs.twimg.com/profile_images/630139011428823040/lFj2THLp_normal.jpg,NULL,1,https://pbs.twimg.com/profile_background_images/87459793/Dock.jpg,333333,19800,0,0,Hi everyone,18-02-09 11:42,0118-02-08 21:12:44
3414264,792,424,493,42,1,NULL,en,Chennai,Indore,1,0,0,http://pbs.twimg.com/profile_images/505429027159416832/XkJzriVQ_normal.jpeg,https://pbs.twimg.com/profile_banners/341426494/1398398624/web,1,https://abs.twimg.com/images/themes/theme11/bg.gif,362720,19800,0,0,Simply Smart!!,24-07-11 15:54,0118-02-08 21:12:44
3305722,19,17,181,16,0,NULL,en,NULL,,0,1,0,http://pbs.twimg.com/profile_images/826972658847903746/O7zjw2jc_normal.jpg,NULL,1,https://abs.twimg.com/images/themes/theme1/bg.png,333333,-1,0,0,,04-08-15 9:50,0118-02-08 21:12:45
89093072,2230,370,170,1759,1,NULL,en,Hawaii,india,1,0,0,http://pbs.twimg.com/profile_images/458835534698119169/r0YZbCrv_normal.jpeg,https://pbs.twimg.com/profile_banners/89093072/1398692171/web,1,https://pbs.twimg.com/profile_background_images/378800000074132551/d5bb72466c800a97c584510ea19d6822.jpeg,FC1B65,-36000,0,0,I DANCE WILL ELECTRIFY! I Code I code.,11-11-09 8:38,0118-02-08 21:12:45
1536951,66,61,130,22,0,NULL,en,NULL,kanpur,1,0,0,http://pbs.twimg.com/profile_images/722366242166714368/Twve-Xc7_normal.jpg,NULL,1,https://abs.twimg.com/images/themes/theme4/bg.gif,3C3940,-1,0,0,,09-06-10 11:44,0118-02-08 21:12:45
2206911,15,11,20,1,0,NULL,en,New Delhi,Jalalpur India,0,0,0,http://pbs.twimg.com/profile_images/934427890707464192/TMdXiJcq_normal.jpg,NULL,0,https://abs.twimg.com/images/themes/theme1/bg.png,0,19800,0,0,,04-12-13 10:11,0118-02-08 21:12:46
3010153,552,9,63,187,0,NULL,en,NULL,,0,1,1,http://abs.twimg.com/sticky/default_profile_images/default_profile_normal.png,NULL,1,https://abs.twimg.com/images/themes/theme1/bg.png,333333,-1,0,0,ab kahan dhoodhne jaoge hamaare qatil ap to qatl ka ilzaam hamhi par rakh do,01-02-15 19:58,0118-02-08 21:12:46
93085071,1727,104,438,1803,22,NULL,en,Mexico City,,1,0,0,http://pbs.twimg.com/profile_images/1341908792/image_normal.jpg,https://pbs.twimg.com/profile_banners/93085071/1401109118/web,1,https://abs.twimg.com/images/themes/theme6/bg.gif,333333,-21600,0,0,working in speech@amazon the postings on this site are my own.,28-11-09 6:16,0118-02-08 21:12:47
2729247,177,89,915,783,4,https://t.co/A1UWfnF4gi,en,New Delhi,Gimpo-si Republic of Korea,1,0,0,http://pbs.twimg.com/profile_images/886104297800318976/12JNzw_Q_normal.jpg,https://pbs.twimg.com/profile_banners/272924750/1500098814/web,0,https://abs.twimg.com/images/themes/theme1/bg.png,0,19800,0,0,Google Developer Expert in ML  ML Researcher  Google ML Camp  #AI #GANS  Past : IIT-Kanpur,27-03-11 18:42,0118-02-08 21:12:47
1607682,2383,369,839,9992,55,NULL,en,Arizona,SF,0,0,0,http://pbs.twimg.com/profile_images/722909723326951426/VbkWrte1_normal.jpg,https://pbs.twimg.com/profile_banners/1607682014/1445728754/web,0,https://abs.twimg.com/images/themes/theme1/bg.png,0,-25200,0,0,Data Scientist at https://t.co/rOgzbzp6PP (genes not cars). Previously a Software Engineer at Twitter.,20-07-13 12:50,0118-02-08 21:12:47
3086098,2527,442,920,2677,78,https://t.co/AHnhvz17W9,en,Pacific Time (US & Canada),India,0,0,0,http://pbs.twimg.com/profile_images/912459466305499136/HyP2u5p7_normal.jpg,NULL,0,https://abs.twimg.com/images/themes/theme1/bg.png,0,-28800,0,0,Computer Science and Engineering Undergrad @whitestormjs contributor data guy.,15-03-15 22:19,0118-02-08 21:12:48
89439565,502,170,1123,932,1,NULL,it,Hawaii,Italy,1,0,0,http://pbs.twimg.com/profile_images/1146509750/ceci-n-est-pas-une-pipe_normal.jpg,https://pbs.twimg.com/profile_banners/89439565/1404050327/web,1,https://abs.twimg.com/images/themes/theme19/bg.gif,333333,-36000,0,0,,12-11-09 18:25,0118-02-08 21:12:48
25260440,2633,521,4582,2794,63,https://t.co/gwOy9L3TdK,en,Chennai,India,0,0,0,http://pbs.twimg.com/profile_images/713829203783913472/fzYJ3pvF_normal.jpg,NULL,0,https://abs.twimg.com/images/themes/theme1/bg.png,0,19800,0,0,"'""#MOOC''s || #BigData || #DataScience|| #Economics || #Maths || #History || #Business || #rstats|""'",19-03-09 14:16,0118-02-08 21:12:48
2793916,20,15,64,65,1,NULL,en-gb,Urumqi,,0,1,0,http://pbs.twimg.com/profile_images/864527058763829251/3cL5MHB2_normal.jpg,NULL,1,https://abs.twimg.com/images/themes/theme1/bg.png,333333,21600,0,0,,06-09-14 18:49,0118-02-08 21:12:49
18221353,3319,492,1163,14134,54,https://t.co/4Fj3LGFyVv,en,Berlin,Berlin Germany,1,1,0,http://pbs.twimg.com/profile_images/689123020179402753/NmtCGyOA_normal.jpg,NULL,1,https://abs.twimg.com/images/themes/theme1/bg.png,333333,3600,0,0,Freelance Developer. JavaScript React ML/NLP. Economics Digital Transformation Design Thinking Systems Thinking.,19-12-08 0:07,0118-02-08 21:12:49
2035600,44,13,145,90,0,NULL,en,NULL,,0,0,0,http://pbs.twimg.com/profile_images/874244670708166656/rc2x9GFF_normal.jpg,https://pbs.twimg.com/profile_banners/203560034/1497271229/web,1,https://abs.twimg.com/images/themes/theme13/bg.gif,333333,-1,0,0,dynamic programming is brute force; say it again.,16-10-10 20:47,0118-02-08 21:12:51
2705920,380,206,223,298,13,https://t.co/3duAgnmt63,en,Quito,,1,0,0,http://pbs.twimg.com/profile_images/3237331843/c50f4f56b91f680b5d73ede5fdbbc5af_normal.jpeg,NULL,1,https://abs.twimg.com/images/themes/theme15/bg.png,333333,-18000,0,0,Research scientist working on spoken dialog systems human-robot interaction and crowdsourcing for NLP. Alum of @SCSatCMU @EdinburghUni and @StonyBrookU.,23-03-11 3:52,0118-02-08 21:12:51
5513242,3976,498,869,39,31,https://t.co/oe4y3y5E6N,en,Adelaide,Adelaide and Sydney,0,0,0,http://pbs.twimg.com/profile_images/850692069102305280/jFEA8m3u_normal.jpg,NULL,1,https://abs.twimg.com/images/themes/theme9/bg.gif,666666,37800,0,0,Founder @TytoAI,26-04-07 6:54,0118-02-08 21:12:51
88579347,633,63,221,454,2,https://t.co/9LtJsdl8rH,en,NULL,Sao Paulo Brazil,0,0,0,http://pbs.twimg.com/profile_images/810670259925565440/wRup62X8_normal.jpg,https://pbs.twimg.com/profile_banners/88579347/1445005689/web,1,https://abs.twimg.com/images/themes/theme14/bg.gif,333333,-1,0,0,Economist and Computer Engineering student working with Data Modeling and Machine Learning.,09-11-09 8:44,0118-02-08 21:12:52
95575531,23,24,77,393,0,NULL,en,Cairo,Cairo,0,0,0,http://pbs.twimg.com/profile_images/1928515587/image01414_normal.jpg,NULL,1,https://abs.twimg.com/images/themes/theme14/bg.gif,333333,7200,0,0,,09-12-09 9:56,0118-02-08 21:12:52
1412779,240,929,259,633,31,http://t.co/7usa1rNo1m,en,NULL,Washington DC,0,1,0,http://pbs.twimg.com/profile_images/3631514487/4156c57ce78f966bd975dae3806ed067_normal.jpeg,NULL,1,https://abs.twimg.com/images/themes/theme1/bg.png,333333,-1,0,0,Assistant Professor Computer Science University of Maryland.,08-05-13 18:20,0118-02-08 21:12:52
1471121,773,492,1385,203,5,NULL,zh-cn,Atlantic Time (Canada),,1,1,0,http://pbs.twimg.com/profile_images/1075780945/b_large_wBN0_52f50001cb6a2d14_normal.jpg,https://pbs.twimg.com/profile_banners/147112101/1353956192/web,1,https://abs.twimg.com/images/themes/theme1/bg.png,333333,-14400,0,0,,23-05-10 12:36,0118-02-08 21:12:53
2653523,12,25,43,260,0,NULL,en,Edinburgh,Edinburgh Scotland,0,1,0,http://pbs.twimg.com/profile_images/566680921047195649/c_hzxzLU_normal.jpeg,https://pbs.twimg.com/profile_banners/2653523528/1423942236/web,1,https://abs.twimg.com/images/themes/theme1/bg.png,333333,0,0,0,,17-07-14 17:06,0118-02-08 21:12:53
22374713,100,319,2304,5,26,http://t.co/FKyuSmWrM6,en,NULL,Singapore,1,0,0,http://pbs.twimg.com/profile_images/927959520/myphoto_normal.jpg,https://pbs.twimg.com/profile_banners/22374713/1506648932/web,1,https://abs.twimg.com/images/themes/theme15/bg.png,333333,-1,0,0,Founder http://t.co/sxYgBgJLxu-Social Engagement platform. IOTComplex Event Processing BIG DATASocial Data Mining Evangelist,01-03-09 21:34,0118-02-08 21:12:53
15095910,2821,476,596,1054,20,http://t.co/d2xDRG1Jft,en,Central Time (US & Canada),Austin,1,0,0,http://pbs.twimg.com/profile_images/676956457267523584/X3m2MnQG_normal.jpg,https://pbs.twimg.com/profile_banners/15095910/1406319016/web,0,https://abs.twimg.com/images/themes/theme18/bg.gif,0,-21600,0,0,Doctoral student in Computer Science at UT Austin. Interested in machine learning natural language processing and international politics.,12-06-08 17:44,0118-02-08 21:12:54
2146396,26,95,349,38,1,https://t.co/conQObVuqW,en,NULL,New York City,0,0,0,http://pbs.twimg.com/profile_images/906919547285975041/mwwalVNt_normal.jpg,https://pbs.twimg.com/profile_banners/214639688/1382900502/web,1,https://abs.twimg.com/images/themes/theme15/bg.png,333333,-1,0,0,Linguist experimental + computational semantics + syntax @nyuling,12-11-10 3:25,0118-02-08 21:12:54
86707622,720,191,382,247,12,NULL,en,Hawaii,Hyderabad,1,0,0,http://pbs.twimg.com/profile_images/966888666969681926/KUbcedxj_normal.jpg,NULL,1,https://abs.twimg.com/images/themes/theme15/bg.png,333333,-36000,0,0,,01-11-09 17:20,0118-02-08 21:12:54
41790191,35,73,337,227,1,NULL,en,Central Time (US & Canada),Denton TX,0,0,0,http://pbs.twimg.com/profile_images/224509749/800px-Black_Hole_in_the_universe_normal.jpg,https://pbs.twimg.com/profile_banners/41790191/1424514411/web,0,https://abs.twimg.com/images/themes/theme3/bg.gif,0,-21600,0,0,,22-05-09 16:18,0118-02-08 21:12:55
37126803,1640,556,1874,999,24,https://t.co/OngaLe55wp,en,Europe/Paris,Ile-de-France France,0,0,0,http://pbs.twimg.com/profile_images/457353700323770368/C8UGQNZD_normal.jpeg,https://pbs.twimg.com/profile_banners/37126803/1397876743/web,0,https://abs.twimg.com/images/themes/theme9/bg.gif,0,3600,0,0,PhD student at Université Paris 13 Natural Language Processing,02-05-09 8:47,0118-02-08 21:12:55
1558774,9159,1366,3124,53756,27,https://t.co/Ahnd5prp17,en,NULL,Texas USA,0,1,0,http://pbs.twimg.com/profile_images/945374581531074560/jiMdiAbn_normal.jpg,https://pbs.twimg.com/profile_banners/1558774824/1391407564/web,1,https://abs.twimg.com/images/themes/theme1/bg.png,333333,-1,0,0,Deep learning in training. LiverpoolFC fan. Thamizhan.,01-07-13 1:21,0118-02-08 21:12:56
6352028,1184,447,1065,1843,3,https://t.co/RJCFilhPag,en,Cairo,Cairo Egypt,0,0,0,http://pbs.twimg.com/profile_images/958177888376950785/4Mzc1wg9_normal.jpg,https://pbs.twimg.com/profile_banners/635202821/1440742697/web,0,https://pbs.twimg.com/profile_background_images/652905491/ew1robgfh69wk3xnptvl.jpeg,333333,7200,0,0,somewhere at the intersection of software engineering ML and NLP.,14-07-12 13:20,0118-02-08 21:12:56
5848294,638,136,684,1314,34,https://t.co/GDynBAd1jn,en,Asia/Hong_Kong,Hong Kong,1,0,0,http://pbs.twimg.com/profile_images/797735210225782785/ReB7I6-T_normal.jpg,https://pbs.twimg.com/profile_banners/584829495/1480550292/web,0,https://abs.twimg.com/images/themes/theme1/bg.png,0,28800,0,0,Data Whisperer #AI #BigData #MachineLearning #DataScience,19-05-12 18:48,0118-02-08 21:12:56
2895815,426,148,264,413,40,https://t.co/Kv597VEZbM,en,NULL,Manchester UK,0,0,0,http://pbs.twimg.com/profile_images/683448916516274176/HTMnHHem_normal.jpg,https://pbs.twimg.com/profile_banners/2895815785/1451783022/web,0,https://abs.twimg.com/images/themes/theme1/bg.png,0,-1,0,0,#AI #Geek. Doing #Research in #NLP,10-11-14 21:15,0118-02-08 21:12:57
55438266,287,338,630,21,11,https://t.co/O5AGGfKnEA,en,Sydney,Sydney Australia,0,0,0,http://pbs.twimg.com/profile_images/772371969937248257/o6wUOoOV_normal.jpg,NULL,0,https://abs.twimg.com/images/themes/theme9/bg.gif,0,39600,0,0,,10-07-09 7:39,0118-02-08 21:12:57
2488308,102,78,117,209,2,NULL,en,Pacific Time (US & Canada),Dublin City Ireland,0,1,0,http://pbs.twimg.com/profile_images/688683881374027776/PgMdcB43_normal.jpg,https://pbs.twimg.com/profile_banners/2488308907/1456942048/web,1,https://abs.twimg.com/images/themes/theme1/bg.png,333333,-28800,0,0,PhD on Machine Translation,10-05-14 21:08,0118-02-08 21:12:57
2307295,26,95,344,2075,11,https://t.co/Dc2hdg2xnK,en,Pacific Time (US & Canada),,0,1,1,http://abs.twimg.com/sticky/default_profile_images/default_profile_normal.png,NULL,1,https://abs.twimg.com/images/themes/theme1/bg.png,333333,-28800,0,0,PhD Student at UIUC working on NLP and Machine Learning.,24-01-14 3:26,0118-02-08 21:12:58
1447796,1222,715,1933,1664,58,NULL,en,NULL,Dublin Ireland,0,1,0,http://pbs.twimg.com/profile_images/436841048845729793/gC-tJD75_normal.jpeg,NULL,1,https://abs.twimg.com/images/themes/theme1/bg.png,333333,-1,0,0,Research specialist in Analytics @AccentureDock. Passionate on AI NLP IR & QA. My postings reflect my own views.,17-05-10 13:49,0118-02-08 21:12:58
2299526,216,576,1948,154,24,https://t.co/uxnuC2F922,en,Greenland,Egypt,0,0,0,http://pbs.twimg.com/profile_images/732040632034836481/mHY2xFOP_normal.jpg,https://pbs.twimg.com/profile_banners/229952696/1417478521/web,0,https://abs.twimg.com/images/themes/theme1/bg.png,0,-10800,0,0,#machinelearning #bigdata #datascience #java #c #c++ #python #artificialintelligence #javascript #node.js #angularjs #jquery #Freelancer #Software #Engineer,24-12-10 1:56,0118-02-08 21:12:58
2373805,58,19,65,87,0,NULL,en,Pacific Time (US & Canada),,0,1,0,http://pbs.twimg.com/profile_images/565319548090335232/PQpzUxJE_normal.jpeg,https://pbs.twimg.com/profile_banners/2373805153/1433512195/web,1,https://abs.twimg.com/images/themes/theme1/bg.png,333333,-28800,0,0,PhD student at @AdaptCentre @DublinCityUni studying multimodal speech recognition love seals,05-03-14 19:25,0118-02-08 21:12:59
4694617,171,36,196,309,0,NULL,en,Asia/Calcutta,Gurgaon India,0,1,0,http://pbs.twimg.com/profile_images/863616692940754945/Gurpszpr_normal.jpg,NULL,1,https://abs.twimg.com/images/themes/theme1/bg.png,333333,19800,0,0,Life’s most persistent and urgent question is What are you doing for others?,20-01-12 22:02,0118-02-08 21:12:59
21796876,38,224,1581,20,1,https://t.co/6cedoraGun,en,Arizona,SanFrancisco & TravelWorldWide,0,1,0,http://pbs.twimg.com/profile_images/930934792614436864/H9enKLJ__normal.jpg,https://pbs.twimg.com/profile_banners/21796876/1421666135/web,1,https://abs.twimg.com/images/themes/theme1/bg.png,333333,-25200,0,0,Working to lower cost of energy 70%+ #ElectronCapture #Polywell #Blockchain #Cryptocurrency #instaX (decentralized speed-of-light transactions) & https://t.co/6cedoraGun,25-02-09 2:29,0118-02-08 21:12:59
2831763,243,82,113,94,1,NULL,en-gb,Pacific Time (US & Canada),Cambridge,1,0,0,http://pbs.twimg.com/profile_images/653575571625086976/CIgCG8w__normal.jpg,NULL,0,https://abs.twimg.com/images/themes/theme1/bg.png,0,-28800,0,0,PhD student Bateman Group @emblebi,15-10-14 20:28,0118-02-08 21:13:00
2394928,321,25,49,537,0,https://t.co/kowbaESbkn,en,Tehran,University of Tehran,0,0,0,http://pbs.twimg.com/profile_images/908630770155180037/-mbsnHW8_normal.jpg,https://pbs.twimg.com/profile_banners/239492864/1508679094/web,0,https://abs.twimg.com/images/themes/theme1/bg.png,0,12600,0,0,MSC Computer Software Eng. Working on Neural Machine Translation Another Account @TheDemoVersion #NLProc #AI,18-01-11 0:41,0118-02-08 21:13:00
42122181,34,79,256,167,6,https://t.co/7Qwcdkp5Hb,en,Dublin,Bristol England,0,0,0,http://pbs.twimg.com/profile_images/698114991182999552/aEZF_dKV_normal.jpg,NULL,0,https://abs.twimg.com/images/themes/theme14/bg.gif,0,0,0,0,Machine learning researcher at the university of Bristol UK.,24-05-09 5:16,0118-02-08 21:13:00
46027761,340,427,2758,7068,9,http://t.co/OQ6lxsDAqu,en,Melbourne,Melbourne,0,0,0,http://pbs.twimg.com/profile_images/688604621200175104/tFNb0okI_normal.jpg,https://pbs.twimg.com/profile_banners/46027761/1426555183/web,1,https://pbs.twimg.com/profile_background_images/378800000091622029/d4f7a14b5aa73eca7873195677f83711.jpeg,0C3E53,39600,0,0,Battling entropy one line of code at a time: data science data viz Python NLP web dev cloud tech. Also: linguistics coffee juggling whimsy etc...,10-06-09 9:05,0118-02-08 21:13:01
1409748,158,94,565,20,4,https://t.co/QVxcnd96yz,zh-cn,NULL,Pennsylvania USA,0,1,0,http://pbs.twimg.com/profile_images/3625918486/620a6b54856415b821762e6dbd85b53a_normal.jpeg,NULL,1,https://abs.twimg.com/images/themes/theme1/bg.png,333333,-1,0,0,Postdoc@UPenn,07-05-13 14:30,0118-02-08 21:13:01
16495124,1479,696,1017,3262,58,https://t.co/jBNjyrFa1B,en,Eastern Time (US & Canada),Seattle WA,1,0,0,http://pbs.twimg.com/profile_images/573186415812452352/BODNzGF-_normal.jpeg,NULL,1,https://pbs.twimg.com/profile_background_images/44735002/Noctiluca_scintillans_unica.jpg,333333,-18000,0,0,PhD student at @CarnegieMellon visiting @UW. nlp machine learning jazz piano poker ...,28-09-08 9:38,0118-02-08 21:13:02
20640711,2091,524,896,551,34,http://t.co/MHmaEPpou6,en,London,Glasgow Scotland,1,0,0,http://pbs.twimg.com/profile_images/785851108887592960/_YoN_MUt_normal.jpg,NULL,0,https://abs.twimg.com/images/themes/theme17/bg.gif,0,0,0,0,Co-founder @ScoopMarkets. PhD Researcher @GlasgowCS.,12-02-09 5:16,0118-02-08 21:13:02
3193413,21625,1120,1056,5650,12,NULL,en,Hawaii,London England,1,0,0,http://pbs.twimg.com/profile_images/962086177930137600/11Dt0ARs_normal.jpg,https://pbs.twimg.com/profile_banners/319341319/1511647892/web,1,https://abs.twimg.com/images/themes/theme15/bg.png,333333,-36000,0,0,,18-06-11 5:04,0118-02-08 21:13:02
4099171,4165,956,1573,16049,19,https://t.co/4F3XkgdJZb,en,UTC,Monifieth Scotland,1,0,0,http://pbs.twimg.com/profile_images/875126676610588673/6LnTp4f7_normal.jpg,https://pbs.twimg.com/profile_banners/4099171455/1486478034/web,0,https://abs.twimg.com/images/themes/theme1/bg.png,0,0,0,0,Scottish Liberal Democrat Councillor for Monifieth & Sidlaw on Angus Council. Chair of @ESEC2. Mental Health campaigner,03-11-15 0:31,0118-02-08 21:13:03
9130204,5490,1982,3455,1612,5,NULL,tr,Athens,Virginia USA,1,0,0,http://pbs.twimg.com/profile_images/818776517635411969/i7_y-O_A_normal.jpg,https://pbs.twimg.com/profile_banners/913020422/1477875449/web,0,https://abs.twimg.com/images/themes/theme16/bg.gif,AE3A5F,7200,0,0,@Dailysabah Editor- In -Chief Assistant ??? https://t.co/hKTJh8Om6z?,30-10-12 0:22,0118-02-08 21:13:03
7086639,1031,191,1634,3376,0,NULL,en,NULL,Lahore Pakistan,1,1,0,http://pbs.twimg.com/profile_images/945145993292591104/5UQBU6Sy_normal.jpg,https://pbs.twimg.com/profile_banners/708663998/1513310463/web,1,https://abs.twimg.com/images/themes/theme1/bg.png,333333,-1,0,0,‏الله کی قربت کابہترین راستہ عاجزی ھےایک میٹھابول خیرات سےبہترھےدرخت اپنےپھل سےاورانسان اپنےقول وفعل سےپہچاناجاتاھے.,21-07-12 14:24,0118-02-08 21:13:03
2213348,206,18,70,100,1,NULL,en,NULL,,1,1,0,http://pbs.twimg.com/profile_images/378800000798692124/dd81cd813cc7d77a253e2c01b689e90d_normal.jpeg,NULL,1,https://abs.twimg.com/images/themes/theme1/bg.png,333333,-1,0,0,,25-11-13 7:18,0118-02-08 21:13:04
1042490,13176,1128,1089,38770,1,NULL,en,NULL,Bengaluru India,0,0,0,http://pbs.twimg.com/profile_images/965810255283200000/4MCDwE-2_normal.jpg,https://pbs.twimg.com/profile_banners/104249077/1503024497/web,0,https://abs.twimg.com/images/themes/theme1/bg.png,0,-1,0,0,"'""Feminist Twitter activist ? animal lover scared about the state of the world and seeing frightening parallels between what''s happening in the U.S. and India""'",13-01-10 0:56,0118-02-08 21:13:04
2595017,13555,1620,1491,4723,67,https://t.co/BVcj7Alk3Q,en,NULL,St. Louis MO,1,1,0,http://pbs.twimg.com/profile_images/806163009664151552/OkuzSsyt_normal.jpg,https://pbs.twimg.com/profile_banners/259501779/1439492866/web,1,https://abs.twimg.com/images/themes/theme1/bg.png,333333,-1,0,0,"'""I work as the Lead Organizer w/ @aclu_mo. Still trying and hoping to build the beloved community! My tweets don''t represent the @aclu_mo.""'",02-03-11 6:57,0118-02-08 21:13:05
1171307,1129,139,147,20,6,http://t.co/7SFiJ575r4,en,Central Time (US & Canada),Pakistan,1,0,0,http://pbs.twimg.com/profile_images/534859447026601984/1Nd8A124_normal.jpeg,https://pbs.twimg.com/profile_banners/117130728/1414783243/web,1,https://abs.twimg.com/images/themes/theme2/bg.gif,663B12,-21600,0,0,"'""I think therefore I''m dangerous.""'",24-02-10 22:16,0118-02-08 21:13:05
4645621,259,212,936,196,0,NULL,en,NULL,,1,1,0,http://pbs.twimg.com/profile_images/729283771913003008/eU08xpfS_normal.jpg,https://pbs.twimg.com/profile_banners/464562198/1447510554/web,1,https://abs.twimg.com/images/themes/theme1/bg.png,333333,-1,0,0,A stupid common man,15-01-12 16:37,0118-02-08 21:13:05
2252387,179,239,1171,14,0,NULL,en,NULL,delhi,1,1,0,http://pbs.twimg.com/profile_images/419121405322485761/xWDi9vwx_normal.jpeg,NULL,1,https://abs.twimg.com/images/themes/theme1/bg.png,333333,-1,0,0,,19-12-13 0:03,0118-02-08 21:13:06
2945330,33,108,196,41,0,NULL,en,NULL,Aligarh,0,1,0,http://pbs.twimg.com/profile_images/813951802173427712/Zp5DHI9R_normal.jpg,https://pbs.twimg.com/profile_banners/2945330280/1419704615/web,1,https://abs.twimg.com/images/themes/theme1/bg.png,333333,-1,0,0,Doctor,27-12-14 23:44,0118-02-08 21:13:06
21295785,1414,404,537,541,19,https://t.co/o56x5zXIxd,en,Pacific Time (US & Canada),United States,1,0,0,http://pbs.twimg.com/profile_images/817162794990759936/XFqwneZS_normal.jpg,https://pbs.twimg.com/profile_banners/21295785/1401950868/web,1,https://abs.twimg.com/images/themes/theme18/bg.gif,333333,-28800,0,0,Social & digital content strategist + documentary filmmaker. Endlessly intrigued by people behaviors political and popular culture.,19-02-09 18:30,0118-02-08 21:13:06
4433570,1549,328,237,3028,68,https://t.co/mSRSsbu6Fj,en,NULL,Dubai United Arab Emirates,1,1,0,http://pbs.twimg.com/profile_images/802745735544446976/44mPXwXJ_normal.jpg,https://pbs.twimg.com/profile_banners/4433570733/1480224524/web,1,NULL,333333,-1,0,0,JMI Alumni Forum(Middle East & Africa) (Activities #Education #Academics #Mentoring #Teaching #Culture #Society #Networking #JamiaMilliaIslamia Fraternity),10-12-15 9:33,0118-02-08 21:13:07
3887444,944,418,375,1569,8,NULL,en,NULL,Oxford England,0,1,0,http://pbs.twimg.com/profile_images/898270595120541696/K9ifryBA_normal.jpg,https://pbs.twimg.com/profile_banners/388744412/1518686104/web,1,https://abs.twimg.com/images/themes/theme1/bg.png,333333,-1,0,0,I run various community projects using the simple language of compassion driven by my passion4 #homeless #humanity #community #youth #Islam #education #refugees,11-10-11 13:57,0118-02-08 21:13:07
74027114,5348,684,866,84,24,NULL,en,Eastern Time (US & Canada),Long Island NY,1,1,0,http://pbs.twimg.com/profile_images/463693884577837056/3D-EuYxf_normal.jpeg,https://pbs.twimg.com/profile_banners/74027114/1398956138/web,1,https://abs.twimg.com/images/themes/theme1/bg.png,333333,-18000,0,0,American Muslim mother of 911 victim Mohammad Salman HamdaniFirst Responder NYPD Cadet. Activist. Public speaker on civil liberties/human rights.,14-09-09 6:56,0118-02-08 21:13:07
1453088,662,133,369,67,1,NULL,en,Kolkata,Patna India,1,0,0,http://pbs.twimg.com/profile_images/817560976702734336/w1b9MwJg_normal.jpg,NULL,1,https://pbs.twimg.com/profile_background_images/279422474/03062011006kkkk.jpg,362720,19800,0,0,Aligarian~ photography enthusiast~ doctor~anaesthesiologist~,18-05-10 22:30,0118-02-08 21:13:08
21304677,4054,904,1004,4113,29,https://t.co/b5DbyEhz5W,en,Eastern Time (US & Canada),Chicago,0,1,0,http://pbs.twimg.com/profile_images/685180347496148992/16aDqEQD_normal.jpg,NULL,1,https://abs.twimg.com/images/themes/theme1/bg.png,333333,-18000,0,0,Founder of American Muslim Health Professionals (AMHP) | Healthcare Activist | Die-Hard Chicago Bulls fan | Travelholic | Chocoholic,19-02-09 20:27,0118-02-08 21:13:08
2939876,5331,2617,3683,2459,91,https://t.co/s6NHdYxSCU,en,Athens,Malmö - Sweden & Oxford-UK,1,0,0,http://pbs.twimg.com/profile_images/876382635035152386/kP3RxqLA_normal.jpg,https://pbs.twimg.com/profile_banners/293987605/1398198369/web,1,https://pbs.twimg.com/profile_background_images/378800000179752541/8o2hC3is.jpeg,333333,7200,0,0,I survived war so will speak loudly. Syrian Palestinian & Swede. MPP @StAntsCollege - Oxford & @BlavatnikSchool. Leading @PLHRsyria1,06-05-11 15:42,0118-02-08 21:13:10
5568485,7399,467,1261,20735,11,https://t.co/F1ynx6Mmay,en,Arizona,India,1,0,0,http://pbs.twimg.com/profile_images/971303124660039680/8MUvnXrk_normal.jpg,https://pbs.twimg.com/profile_banners/556848557/1520148931/web,1,https://pbs.twimg.com/profile_background_images/378800000182081969/eo5XHpvl.jpeg,362720,-25200,0,0,Believer. Observer. Researcher. News Junkie. Occasional Blogger. Literature Buff. Wannabe Chef.,18-04-12 18:38,0118-02-08 21:13:10
28107803,37029,672,1097,12269,43,NULL,en,London,England,1,0,0,http://pbs.twimg.com/profile_images/943607169345314821/SR6XInCN_normal.jpg,https://pbs.twimg.com/profile_banners/28107803/1514737358/web,1,https://pbs.twimg.com/profile_background_images/337526163/ball12_1.jpg,333333,0,0,0,Born with wings & going from the local to the global in 140 words. Social media is the modern Tower of Babel but I am rather addicted to Twitter.,01-04-09 19:16,0118-02-08 21:13:11
2331578,316,4771,122,34,9,NULL,en,New Delhi,,0,1,0,http://pbs.twimg.com/profile_images/431718941321216000/YoTs8ta5_normal.jpeg,NULL,1,https://abs.twimg.com/images/themes/theme1/bg.png,333333,19800,0,0,,07-02-14 14:49,0118-02-08 21:13:11
2172483,364,27,151,226,0,NULL,en,NULL,,1,1,0,http://pbs.twimg.com/profile_images/578720870492872705/h_idDl8o_normal.jpeg,https://pbs.twimg.com/profile_banners/2172483411/1421599255/web,1,https://abs.twimg.com/images/themes/theme1/bg.png,333333,-1,0,0,"'""The harder you hit me the stronger I get. I forgive bit don''t forget.""'",08-11-13 0:40,0118-02-08 21:13:12
3284232,13,61,640,1,0,NULL,en,NULL,,1,1,0,http://pbs.twimg.com/profile_images/622840833780219904/T9ZV7zED_normal.jpg,NULL,1,https://abs.twimg.com/images/themes/theme1/bg.png,333333,-1,0,0,,19-07-15 14:56,0118-02-08 21:13:12
2787187,25913,3539,4516,3245,88,https://t.co/AszvHkAQhU,en,Seoul,Glasgow,1,0,0,http://pbs.twimg.com/profile_images/858630247658467328/aRaaNcgG_normal.jpg,NULL,1,https://abs.twimg.com/images/themes/theme5/bg.gif,3E4415,32400,0,0,CMI Scotland Board Member Blogger Social Media Strategist Political Activist Scottish Kashmiri My own opinions & not those of any organisation I work for,08-04-11 2:18,0118-02-08 21:13:12
3022900,14,52,122,41,0,NULL,en-GB,NULL,Ghaziabad,0,1,0,http://pbs.twimg.com/profile_images/900672998482485248/9GwfNTSa_normal.jpg,https://pbs.twimg.com/profile_banners/3022900826/1491829866/web,1,https://abs.twimg.com/images/themes/theme1/bg.png,333333,-1,0,0,,17-02-15 1:25,0118-02-08 21:13:13
1630626,531,528,4299,463,4,NULL,en,NULL,Batley West Yorkshire ,0,1,0,http://pbs.twimg.com/profile_images/942511078763884546/nkfA36gJ_normal.jpg,https://pbs.twimg.com/profile_banners/163062615/1513883431/web,1,https://abs.twimg.com/images/themes/theme1/bg.png,333333,-1,0,0,,05-07-10 18:35,0118-02-08 21:13:13
2232749,1984,241,440,2000,5,http://t.co/wPrCrnrw3D,en,Edinburgh,Scotland,0,0,0,http://pbs.twimg.com/profile_images/540796864690286592/os4yXO6w_normal.jpeg,https://pbs.twimg.com/profile_banners/223274930/1401395724/web,1,https://pbs.twimg.com/profile_background_images/378800000115903765/652d61da1d5d3954d2b7516336cf97c0.jpeg,333333,0,0,0,"'""''We need only take one step at a time but we must keep on stepping.'' Tweeting politics philosophy life and literature. #FreePalestine""'",06-12-10 4:11,0118-02-08 21:13:13
2807795,7196,1108,1861,8648,44,https://t.co/78o4UW97W6,en,Amsterdam,London England,0,1,0,http://pbs.twimg.com/profile_images/664415847805513728/5iVA_e6q_normal.jpg,https://pbs.twimg.com/profile_banners/280779578/1461965388/web,1,https://abs.twimg.com/images/themes/theme1/bg.png,333333,3600,0,0,Sociologist @SociologyGold writing & researching British Muslim women education & identities Brit Muslims & marriage. Trekkie. Collects perfume. Cat lover,12-04-11 6:22,0118-02-08 21:13:14
1297152,9109,1210,2915,7783,8,NULL,en,NULL,Aligarh,1,1,0,http://pbs.twimg.com/profile_images/952453045304008704/eduDF_1N_normal.jpg,https://pbs.twimg.com/profile_banners/129715284/1495900734/web,1,https://abs.twimg.com/images/themes/theme1/bg.png,333333,-1,0,0,DOCTOR AND FORENSIC EXPERT,05-04-10 11:00,0118-02-08 21:13:14
1079895,3245,547,749,5898,1,NULL,en,NULL,delhi,0,1,0,http://pbs.twimg.com/profile_images/378800000110800707/53182563679618acd984d89aa2b36d31_normal.jpeg,NULL,1,https://abs.twimg.com/images/themes/theme1/bg.png,333333,-1,0,0,,24-01-10 18:03,0118-02-08 21:13:14
1048769,629,372,619,566,1,https://t.co/I0oVSK88nU,en,NULL,,1,0,0,http://pbs.twimg.com/profile_images/723528256796807174/YQaAmgfe_normal.jpg,NULL,0,https://abs.twimg.com/images/themes/theme1/bg.png,0,-1,0,0,Campaigns Coordinator for @islamicreliefuk Neuroscience graduate from @KingsCollegeLon Hackney born Bengali by blood | #Hashtag,31-12-12 2:09,0118-02-08 21:13:15
96540753,2436,120,271,18474,4,NULL,en,Indiana (East),New Delhi | Aligarh ,0,0,0,http://pbs.twimg.com/profile_images/463612384985112576/7P2mmDf-_normal.jpeg,https://pbs.twimg.com/profile_banners/96540753/1405701568/web,1,https://pbs.twimg.com/profile_background_images/224975451/purple.jpg,611D61,-18000,0,0,"'""PhD Research Scholar (Human Rights Women''s Studies) | Blogger | Self-taught Artist | United We Stand Divided We Fall""'",13-12-09 17:51,0118-02-08 21:13:15
2423203,88,29,127,44,0,NULL,en,NULL,Manchester,0,1,0,http://pbs.twimg.com/profile_images/574301029354835968/5FS63Nig_normal.jpeg,https://pbs.twimg.com/profile_banners/242320325/1425758899/web,1,https://abs.twimg.com/images/themes/theme1/bg.png,333333,-1,0,0,Cardiac Surgeon Liverpool Heart And Chest Hospital,24-01-11 19:45,0118-02-08 21:13:15
2598458,562,90,716,0,0,NULL,es,NULL,Aragua,0,1,0,http://pbs.twimg.com/profile_images/491210841640144896/t1U6m1uF_normal.jpeg,https://pbs.twimg.com/profile_banners/2598458874/1405948769/web,1,https://abs.twimg.com/images/themes/theme1/bg.png,333333,-1,0,0,Fan de aldrey. Si buscas cosas diferentes no hagas siempre lo mismo.,02-07-14 1:26,0118-02-08 21:13:16
1405364,75,74,350,91,1,http://t.co/Qh6PmHNvW1,en,New Delhi,University of Hyderabad,1,0,0,http://pbs.twimg.com/profile_images/789802844220043265/q62xUsd__normal.jpg,https://pbs.twimg.com/profile_banners/140536446/1423981153/web,0,https://abs.twimg.com/images/themes/theme10/bg.gif,0,19800,0,0,Research  Scholar Computer science,06-05-10 0:38,0118-02-08 21:13:16
1338343,593,146,783,3412,1,NULL,en,NULL,Mumbai,1,1,0,http://pbs.twimg.com/profile_images/628438001924714496/3piSgCCH_normal.jpg,https://pbs.twimg.com/profile_banners/1338343363/1438666268/web,1,https://abs.twimg.com/images/themes/theme1/bg.png,333333,-1,0,0,luv playing ckt n watching..A true cricket lover....fun loving...teckfreak..Follow on instagram : ankitgala619 https://t.co/wv7QGfzv16,09-04-13 10:31,0118-02-08 21:13:16
46043823,1504,215,504,24,5,NULL,en,Mumbai,Mumbai,0,0,0,http://pbs.twimg.com/profile_images/656103072121405440/3nWKOzPO_normal.jpg,https://pbs.twimg.com/profile_banners/46043823/1448017171/web,1,https://pbs.twimg.com/profile_background_images/391888814/x28b934b8674fd65330d372ffdd50855.jpg,877F63,19800,0,0,Communication specialist beauty influencer Zumba lover digs on fiction & good food feels dogs make the best stress busters loves travelling to new cities!,10-06-09 10:44,0118-02-08 21:13:17
2177651,1088,393,1296,5,0,NULL,en,NULL,Mumbai,0,1,0,http://pbs.twimg.com/profile_images/378800000701798567/db64ba083a505659ef05a998348aa9dd_normal.jpeg,NULL,1,https://abs.twimg.com/images/themes/theme1/bg.png,333333,-1,0,0,,06-11-13 13:48,0118-02-08 21:13:17
3024735,155,72,630,500,0,NULL,en,NULL,,1,1,0,http://pbs.twimg.com/profile_images/567899592667049984/mwvO1Yy9_normal.jpeg,https://pbs.twimg.com/profile_banners/3024735235/1434373264/web,1,https://abs.twimg.com/images/themes/theme1/bg.png,333333,-1,0,0,Musician and a Cricket Analyst,18-02-15 9:28,0118-02-08 21:13:17
2714415,2359,267,1020,2287,4,https://t.co/lJC4UsUkfx,en,Pacific Time (US & Canada),Karnataka,0,1,0,http://pbs.twimg.com/profile_images/942648829630865408/YKseOv35_normal.jpg,https://pbs.twimg.com/profile_banners/2714415537/1498404295/web,1,https://abs.twimg.com/images/themes/theme1/bg.png,333333,-28800,0,0,Founder of @prepyourmath Aspiring to be civil servant Believes in #Equality  Goal-oriented Responsible Citizen  Views are personal. Quora: https://t.co/QgHsXureBd,16-07-14 19:24,0118-02-08 21:13:18
55171694,4681,991,732,927,13,NULL,en,Hawaii,Mumbai India,1,1,0,http://pbs.twimg.com/profile_images/3234278677/94a4d0e7c1273d961e015f073fbc5b16_normal.jpeg,NULL,1,https://abs.twimg.com/images/themes/theme1/bg.png,333333,-36000,0,0,Thinks. Feels. Writes. Laughs .,09-07-09 12:52,0118-02-08 21:13:18
1009519,21,128,1674,415,3,NULL,en,Pacific Time (US & Canada),,0,1,0,http://pbs.twimg.com/profile_images/857636908360503296/OO0dA9J-_normal.jpg,https://pbs.twimg.com/profile_banners/100951927/1488054655/web,1,https://abs.twimg.com/images/themes/theme1/bg.png,333333,-28800,0,0,,01-01-10 16:06,0118-02-08 21:13:19
2852963,298,201,825,2966,3,NULL,en-gb,NULL,BITS Pilani Hyderabad Campus ,1,0,0,http://pbs.twimg.com/profile_images/932066198480490496/m6TTy2f3_normal.jpg,https://pbs.twimg.com/profile_banners/2852963204/1490808752/web,0,https://abs.twimg.com/images/themes/theme1/bg.png,0,-1,0,0,The way to Power is Hypocrisy and Casualities I dont regret any! Logistics Head @VerbaMaximus. President @BITSEmbryoHyd Speaker Research Head @TEDxBITSHyd |,12-10-14 14:51,0118-02-08 21:13:19
44344053,2053,634,466,1280,21,https://t.co/SUnZoKSzvs,en,Paris,Brussels Belgium,1,0,0,http://pbs.twimg.com/profile_images/942051234546143232/yhXkTZrz_normal.jpg,https://pbs.twimg.com/profile_banners/44344053/1495432159/web,1,https://pbs.twimg.com/profile_background_images/96496260/2986838703_5b50020cbb_o.jpg,333333,3600,0,0,Prof. social psychology at @ulb. Editor of @irsp_rips. Blog: https://t.co/KvsaVK5JGW. Views my own.,03-06-09 17:28,0118-02-08 21:13:19
1131250,1322,297,1440,8427,32,NULL,en,NULL,,0,1,0,http://pbs.twimg.com/profile_images/1738865464/Kenneth_Rose_normal.jpg,https://pbs.twimg.com/profile_banners/113125081/1446148478/web,1,https://abs.twimg.com/images/themes/theme1/bg.png,333333,-1,0,0,,11-02-10 1:25,0118-02-08 21:13:20
2874981,2480,207,683,3929,8,NULL,en,NULL,India,0,1,0,http://pbs.twimg.com/profile_images/958755643984261125/Pm2Rz5Wk_normal.jpg,https://pbs.twimg.com/profile_banners/2874981565/1427897409/web,1,https://abs.twimg.com/images/themes/theme1/bg.png,333333,-1,0,0,??إنما المؤمنين إخوة??,24-10-14 15:42,0118-02-08 21:13:20
3797295,261,46,216,36,0,https://t.co/BRy5aXYC03,en,New Delhi,New Delhi,0,1,0,http://pbs.twimg.com/profile_images/502354110461378561/D-plzLCm_normal.jpeg,NULL,1,https://abs.twimg.com/images/themes/theme1/bg.png,333333,19800,0,0,Management Trainee @Shuttlapp Founder @imaancentral. Passionate about Islam Technology and Web Development. Love to Travel.,25-09-11 18:51,0118-02-08 21:13:20
61804090,545,162,261,339,18,NULL,en,New Delhi,Oxford England,1,0,0,http://pbs.twimg.com/profile_images/895260515064328193/2eceOGwJ_normal.jpg,NULL,1,https://abs.twimg.com/images/themes/theme1/bg.png,A69AA6,19800,0,0,PhD student @kmiou - exploring crisis informatics Past- @Insight_centre  a forever fan of Famous Cricket Trinity Sachin-Sourav-Dravid & A proud Indian!,31-07-09 21:35,0118-02-08 21:13:21
4336682,1486,801,3418,427,49,NULL,en,Baghdad,Riyadh KSA,0,1,0,http://pbs.twimg.com/profile_images/1689315427/image_normal.jpg,NULL,1,https://abs.twimg.com/images/themes/theme1/bg.png,333333,10800,0,0,Interested in Social Media Analysis Data Analytics Social Computing,11-12-11 2:55,0118-02-08 21:13:21
1674546,619,333,1581,11144,19,NULL,en,NULL,Toronto,1,1,0,http://pbs.twimg.com/profile_images/949176683713593344/y-075_iN_normal.jpg,https://pbs.twimg.com/profile_banners/1674546415/1519328606/web,1,https://abs.twimg.com/images/themes/theme1/bg.png,333333,-1,0,0,Most tweets about politics #cdnpoli public policy and data. Occasional philology and classical music tweets. Tweets self-destruct after two months.,16-08-13 7:23,0118-02-08 21:13:21
2198523,660,674,3374,1408,21,NULL,en,Bern,Tübingen Deutschland,0,0,0,http://pbs.twimg.com/profile_images/421350854340259842/euEB6KYI_normal.png,NULL,1,https://abs.twimg.com/images/themes/theme3/bg.gif,634047,3600,0,0,natural science neuroscience empirical approach searching for principles integration interdisciplinary curly hairs #OpenScience #OpenSource,17-11-13 4:13,0118-02-08 21:13:22
39212398,3149,893,837,1014,41,https://t.co/m0U2L04CrO,en,Pacific Time (US & Canada),USA - Saudi Arabia,1,0,0,http://pbs.twimg.com/profile_images/925421317712523265/7Hajxnus_normal.jpg,https://pbs.twimg.com/profile_banners/39212398/1444726001/web,1,https://pbs.twimg.com/profile_background_images/133602337/background.jpg,333333,-28800,0,0,Cross-cultural Design Researcher | Currently UX Researcher @Microsoft | Expert in #ArabHCI & #political_bots | PhD from @UW_iSchool | @FulbrightSchlrs,11-05-09 13:09,0118-02-08 21:13:22
2207766,3068,852,1314,7415,2,https://t.co/sHUf8J4c8j,en,NULL,India,1,1,0,http://pbs.twimg.com/profile_images/861948701769691136/nqQKid6h_normal.jpg,https://pbs.twimg.com/profile_banners/2207766935/1494274976/web,1,https://abs.twimg.com/images/themes/theme1/bg.png,333333,-1,0,0,22 | Explorer. Biker. Altruist. Foodie. Arcane. Mech Engineer. Afable. ° vedere il mondo attraverso i miei occhi °,05-12-13 0:31,0118-02-08 21:13:22
2609714,276,457,143,503,17,https://t.co/5knPpVHgWt,en,Kuwait,Edinburgh Scotland,0,1,0,http://pbs.twimg.com/profile_images/581053755405131777/gkWWSDIP_normal.jpg,https://pbs.twimg.com/profile_banners/260971421/1505479254/web,1,https://abs.twimg.com/images/themes/theme1/bg.png,333333,10800,0,0,Lecturer (assistant prof.) at School of Informatics the University of Edinburgh. Interests: Social Computing Information Retrieval & Data mining,05-03-11 5:45,0118-02-08 21:13:23
7891663,285,187,1637,613,3,NULL,en,Pacific Time (US & Canada),New Delhi India,0,0,0,http://pbs.twimg.com/profile_images/885191595003305984/3X7uDR8S_normal.jpg,https://pbs.twimg.com/profile_banners/789166362/1509411814/web,1,https://abs.twimg.com/images/themes/theme18/bg.gif,333333,-28800,0,0,I physician I,29-08-12 17:19,0118-02-08 21:13:23
2281134,66,30,99,5,0,NULL,en,Chennai,New Delhi,0,0,0,http://pbs.twimg.com/profile_images/420665286195294208/Nhmq_Col_normal.jpeg,NULL,1,https://abs.twimg.com/images/themes/theme11/bg.gif,362720,19800,0,0,Love,08-01-14 2:04,0118-02-08 21:13:23
4098909,1535,597,370,2909,44,https://t.co/u55b6CAwwz,en,Pacific Time (US & Canada),New York New York,0,0,0,http://pbs.twimg.com/profile_images/1633412531/258612_10150204133744255_846119254_6848048_4457986_o_normal.jpg,https://pbs.twimg.com/profile_banners/409890910/1415460021/web,1,https://abs.twimg.com/images/themes/theme18/bg.gif,333333,-28800,0,0,Social Computing for Good  @IBMResearch | Past @EPFL @MSFTResearch @QatarComputing @VUamsterdam | Awsm data@ https://t.co/5REw1KEBq7 | Opinions obvsly my own.,11-11-11 16:24,0118-02-08 21:13:24
2985129,5017,1185,570,3819,8,NULL,en,Melbourne,Victoria Australia,1,0,0,http://pbs.twimg.com/profile_images/889113170194964480/at--K7wN_normal.jpg,https://pbs.twimg.com/profile_banners/2985129946/1494843275/web,0,https://abs.twimg.com/images/themes/theme1/bg.png,0,39600,0,0,,19-01-15 9:38,0118-02-08 21:13:24
1576733,2882,111,263,3,0,NULL,en,New Delhi,"'""People''s Republic of China""'",1,0,0,http://pbs.twimg.com/profile_images/838730969054121985/WZRzjwkZ_normal.jpg,https://pbs.twimg.com/profile_banners/157673305/1488791058/web,0,https://abs.twimg.com/images/themes/theme1/bg.png,0,19800,0,0,,20-06-10 19:56,0118-02-08 21:13:24
2971591,48,14,93,27,0,NULL,en,NULL,,0,1,1,http://abs.twimg.com/sticky/default_profile_images/default_profile_normal.png,NULL,1,https://abs.twimg.com/images/themes/theme1/bg.png,333333,-1,0,0,,12-05-11 7:01,0118-02-08 21:13:25
9541832,1269,4248,2456,910,185,http://t.co/Hh95Gg1dsw,en,Eastern Time (US & Canada),New York,0,0,0,http://pbs.twimg.com/profile_images/667193681795919872/5PWCOojR_normal.jpg,NULL,1,https://pbs.twimg.com/profile_background_images/981842/canal.JPG,0,-18000,0,0,Dan Goldstein is a Principal Researcher at Microsoft Research in New York City and Distinguished Scholar at Wharton. Decision science computer science econ.,19-10-07 18:29,0118-02-08 21:13:25
14065835,3399,1933,537,4287,172,https://t.co/oKVptIxsJu,en,Vienna,Aachen & Cologne Germany,0,1,0,http://pbs.twimg.com/profile_images/1791004539/strohmaier_normal.jpg,https://pbs.twimg.com/profile_banners/14065835/1393679601/web,1,https://abs.twimg.com/images/themes/theme1/bg.png,333333,3600,0,0,Prof. for Computational Social Sciences and Humanities @RWTH Aachen University Germany & Scientific Coordinator @gesis_org Cologne Germany,02-03-08 0:09,0118-02-08 21:13:25
5478717,1807,1712,1475,801,80,https://t.co/4T0ofc0P8E,en,Riyadh,Doha Qatar,1,1,0,http://pbs.twimg.com/profile_images/965494040362999808/XbufUZR5_normal.jpg,https://pbs.twimg.com/profile_banners/547871798/1435960009/web,1,https://abs.twimg.com/images/themes/theme1/bg.png,333333,10800,0,0,Research Director at @QatarComputing part of @HBKU. Daddy of https://t.co/VyCbCoOfHv. One of only two (?) Ingmars in #Qatar.,08-04-12 1:34,0118-02-08 21:13:26
1124660,687,372,499,587,27,https://t.co/XxG5jaeiID,en,Kuwait,,1,0,0,http://pbs.twimg.com/profile_images/847721592641667072/46Qw0FM8_normal.jpg,https://pbs.twimg.com/profile_banners/112466047/1354715883/web,1,https://pbs.twimg.com/profile_background_images/730947728/9f486c13971293fee1d21c315ecb8603.jpeg,666666,10800,0,0,Scientist at QCRI. Interested in Social Computing and Crisis Informatics for Social Good & Applied Machine Learning,08-02-10 21:38,0118-02-08 21:13:26
47913994,999,431,869,12,4,http://t.co/k4kL0R5QPT,en,Eastern Time (US & Canada),New Delhi India,1,0,0,http://pbs.twimg.com/profile_images/906961236817936384/_jauJRWP_normal.jpg,NULL,1,https://pbs.twimg.com/profile_background_images/255482419/Saint_Valentines_Day_Red_roses_for_Valentine_s_Day_013092_.jpg,362720,-18000,0,0,EntrepreneurFounder Z Info Solution.Avid reader. Re tweet are not endorsement.,17-06-09 15:31,0118-02-08 21:13:27
53615590,70,70,345,105,0,NULL,en,New Delhi,New Delhi India,1,0,0,http://pbs.twimg.com/profile_images/838824369644253185/VLBV0m_3_normal.jpg,https://pbs.twimg.com/profile_banners/53615590/1438181266/web,1,https://abs.twimg.com/images/themes/theme11/bg.gif,362720,19800,1,0,Co-Founder @pidroid  @zerogcard & @zerog_cloud ......,04-07-09 12:10,0118-02-08 21:13:27
2156215,10,10,20,5,0,NULL,en,NULL,INDIA,0,0,0,http://pbs.twimg.com/profile_images/775078193405562880/TUX2s8SW_normal.jpg,https://pbs.twimg.com/profile_banners/2156215409/1473628252/web,0,https://abs.twimg.com/images/themes/theme1/bg.png,0,-1,0,0,A STUDENT,28-10-13 0:45,0118-02-08 21:13:27
63965996,1369,3523,2625,518,11,NULL,en,Hawaii,Uttar Pradesh,0,0,0,http://pbs.twimg.com/profile_images/869877845778206720/UoWKztG-_normal.jpg,https://pbs.twimg.com/profile_banners/63965996/1519182846/web,1,https://pbs.twimg.com/profile_background_images/378800000157347377/Giqa3f-h.png,FF0000,-36000,0,0,Assistant Professor of LawMobile no.  8057959834,08-08-09 19:02,0118-02-08 21:13:29
1122574,43,48,229,3,0,NULL,en,NULL,New Delhi INDIA,1,1,0,http://pbs.twimg.com/profile_images/3192197367/3ca44e1a9100cdfb6133eaad2bfc9660_normal.jpeg,https://pbs.twimg.com/profile_banners/112257463/1360059055/web,1,https://abs.twimg.com/images/themes/theme1/bg.png,333333,-1,0,0,Research scholar at ICGEB like cricket and Tennis movies. A big fan of Sachin Feddrer and Nusrat Fateh Ali Khan,08-02-10 2:08,0118-02-08 21:13:30
1220050,9113,622,949,6584,8,NULL,en,New Delhi,india,1,0,0,http://pbs.twimg.com/profile_images/707886573321216000/CqFM8w59_normal.jpg,https://pbs.twimg.com/profile_banners/122005085/1457608385/web,1,https://pbs.twimg.com/profile_background_images/801517638/ee0da92060467f4a3cc7eddd9f861cbc.jpeg,006B46,19800,0,0,Doctor Avid reader News Junkie Hate communalism believe in live and let the people live. Retweet are not endorsement.,11-03-10 14:04,0118-02-08 21:13:30
1949082,59,89,223,44,0,NULL,en,NULL,Delhi India,1,0,0,http://pbs.twimg.com/profile_images/929488576751878144/QIYuSEiK_normal.jpg,https://pbs.twimg.com/profile_banners/1949082542/1497884191/web,0,https://abs.twimg.com/images/themes/theme1/bg.png,0,-1,0,0,An eccentric drifter.,09-10-13 16:51,0118-02-08 21:13:30
2280973,624,179,248,22064,2,NULL,en,New Delhi,New Delhi India,1,0,0,http://pbs.twimg.com/profile_images/660883207127089153/A9oHekQF_normal.jpg,https://pbs.twimg.com/profile_banners/2280973512/1446402182/web,1,https://abs.twimg.com/images/themes/theme13/bg.gif,333333,19800,0,0,Research Fellow @JamiaMilliaIslamia on Social Network Analysis Likes to play Badminton watch #cricket and #Football Big fan of @RavishKumar and @ABDevilliers,07-01-14 23:35,0118-02-08 21:13:31
9021636,5913,1834,330,879,37,NULL,en,New Delhi,New Delhi India,0,0,0,http://pbs.twimg.com/profile_images/542006725872607234/XqhZ1xHL_normal.jpeg,https://pbs.twimg.com/profile_banners/902163630/1415225597/web,1,https://pbs.twimg.com/profile_background_images/378800000101523930/1150c4a8e74076af36732c31b5032a4e.jpeg,333333,19800,0,0,Human Rights Defender | Photographer | Traveller | Cook | Runner,24-10-12 22:10,0118-02-08 21:13:31
2271909,34316,2700,113,5894,53,https://t.co/E6N47PdFLo,en,New Delhi,India,1,0,0,http://pbs.twimg.com/profile_images/948614959713234944/wsot1uLu_normal.jpg,https://pbs.twimg.com/profile_banners/2271909229/1517293449/web,1,https://pbs.twimg.com/profile_background_images/378800000169710094/XkvzQUjt.jpeg,333333,19800,0,0,Politically inclined | Center-Left,01-01-14 23:06,0118-02-08 21:13:31
4267653,19378,707,34,8,18,NULL,en,NULL,Hyderabad(Deccan)/Madina,0,1,0,http://pbs.twimg.com/profile_images/1671006274/beautyful_doll_normal.jpg,NULL,1,https://abs.twimg.com/images/themes/theme1/bg.png,333333,-1,0,0,"'""Hyderabadi.secular(till may 142014) | No follow back''s | Views are strong | i have a view on anything and everything :)""'",02-12-11 22:54,0118-02-08 21:13:32
2345036,20674,518,128,24590,4,NULL,en,London,Ocean,1,0,0,http://pbs.twimg.com/profile_images/832003987440279553/10yfGMli_normal.jpg,https://pbs.twimg.com/profile_banners/234503673/1483818980/web,1,https://abs.twimg.com/images/themes/theme5/bg.gif,3E4415,0,0,0,I survived a car crash by putting my car on flying gear #truestory,06-01-11 2:06,0118-02-08 21:13:32
2765497,58113,1016,168,30281,17,https://t.co/KZmTKuiRY8,en,London,London,0,0,0,http://pbs.twimg.com/profile_images/892503514408263680/gh3vFeBD_normal.jpg,https://pbs.twimg.com/profile_banners/276549748/1442532835/web,0,https://abs.twimg.com/images/themes/theme14/bg.gif,0,0,0,0,Ineligible Bachelor. Sarcastic 90% of the time.,03-04-11 21:24,0118-02-08 21:13:32
1898332,848,688,247,1107,14,NULL,en,Atlantic Time (Canada),Florida USA,1,1,0,http://pbs.twimg.com/profile_images/378800000500767288/9adf1b184b118bd912334cee85671f81_normal.jpeg,NULL,1,https://abs.twimg.com/images/themes/theme1/bg.png,333333,-14400,0,0,Filmmaker - Attempting to break down stereotypes one goofy laugh at a time •Director @ISFScholarships Film Grant • Adjnct Lecturer at University of Florida -@UF,24-09-13 1:54,0118-02-08 21:13:33
6090927,18581,763,615,16330,24,NULL,en,Islamabad,Highlands,0,0,0,http://pbs.twimg.com/profile_images/957013984028348417/8TE_FRjS_normal.jpg,https://pbs.twimg.com/profile_banners/609092716/1516653531/web,1,https://abs.twimg.com/images/themes/theme12/bg.gif,0C3E53,18000,0,0,Dancing like mad in a party uninvited....,15-06-12 18:46,0118-02-08 21:13:33
22286717,12763,2199,213,1570,35,http://t.co/RajDj68sYK,en,Eastern Time (US & Canada),38.907883-77.05067,1,0,0,http://pbs.twimg.com/profile_images/2312475088/image_normal.jpg,NULL,1,https://pbs.twimg.com/profile_background_images/8684471/Image-D46A8728C32311D7.jpg,3C3940,-18000,0,0,I tweet about food politics makeup and all things random.,01-03-09 0:58,0118-02-08 21:13:33
2980950,21333,1035,451,3590,6,NULL,en,London,Preston/Bolton ,0,0,0,http://pbs.twimg.com/profile_images/867725643601104897/cCfpPu1h_normal.jpg,https://pbs.twimg.com/profile_banners/298095098/1393236165/web,1,https://abs.twimg.com/images/themes/theme12/bg.gif,0C3E53,0,0,0,,13-05-11 22:43,0118-02-08 21:13:34
15364263,26693,2082,1142,6694,87,https://t.co/zhjSipPZJ8,en,Africa/Casablanca,Scotland,1,0,0,http://pbs.twimg.com/profile_images/964840629711843329/BNtCN6dw_normal.jpg,https://pbs.twimg.com/profile_banners/15364263/1517503125/web,1,https://abs.twimg.com/images/themes/theme7/bg.gif,333333,0,0,0,Sociology of Education MEd Inclusive Education programme School of Education University of the West of ScotlandTweets/RTs personal capacity,09-07-08 16:24,0118-02-08 21:13:34
2328640,2145,1634,249,96,20,NULL,en,Casablanca, I voted YES #indyref,1,1,0,http://pbs.twimg.com/profile_images/813134080191696896/aFhsk_yt_normal.jpg,https://pbs.twimg.com/profile_banners/2328640153/1491118468/web,1,https://abs.twimg.com/images/themes/theme1/bg.png,333333,0,0,0,@theSNP member | MSP Staffer | GenSec of Scot Asians for Indy | Cuticura is BAE | Married | My opinions | Retweets/Follows ≠ endorsements.,05-02-14 16:55,0118-02-08 21:13:34
4204063,189,450,866,35,7,https://t.co/f9hGs4m4wH,en,NULL,Cambridge MA,1,0,0,http://pbs.twimg.com/profile_images/835171996145238016/RQ_GmbSB_normal.jpg,https://pbs.twimg.com/profile_banners/4204063426/1487955396/web,0,https://abs.twimg.com/images/themes/theme1/bg.png,0,-1,0,0,ILSP: SHARIAsource @Harvard_Law provides content and context on Islamic law. Tweets are not endorsements.  Visit us at https://t.co/Fj8ZhaapGC,17-11-15 0:42,0118-02-08 21:13:35
3932546,105336,2884,1698,32687,113,NULL,en,Central Time (US & Canada),,0,0,0,http://pbs.twimg.com/profile_images/2734769602/3ebec24c851112900ebb22b12c8cddc8_normal.jpeg,https://pbs.twimg.com/profile_banners/393254695/1408753513/web,1,https://pbs.twimg.com/profile_background_images/682624875/4f021e28817f3112f9308be4b8faf8aa.jpeg,333333,-21600,0,0,suburban mom,18-10-11 13:30,0118-02-08 21:13:35
1582423,32851,2742,576,49310,29,NULL,en,Karachi,Lahore,0,1,0,http://pbs.twimg.com/profile_images/955105199940624385/-YcomEOr_normal.jpg,https://pbs.twimg.com/profile_banners/1582423597/1469818930/web,1,https://abs.twimg.com/images/themes/theme1/bg.png,333333,18000,0,0,There is only one success - to be able to spend your life in your own way || Medical Student || Insta: Osama_z1a || SC: Osama_z1a,10-07-13 12:11,0118-02-08 21:13:35
3021460,1080,3322,116,2098,63,https://t.co/NBZPZulTvC,en,NULL,,0,1,0,http://pbs.twimg.com/profile_images/882675047307001856/e47Ol4xM_normal.jpg,https://pbs.twimg.com/profile_banners/3021460584/1499281095/web,1,https://abs.twimg.com/images/themes/theme1/bg.png,333333,-1,0,0,"'""Veteran mother Texan. I am running for Texas District 31 because now more than ever we must protect the progress we''ve made in this country. #TX31""'",15-02-15 23:03,0118-02-08 21:13:36
3183148,1644,1765,259,1060,15,https://t.co/JonltMdjw9,en,Abu Dhabi,Dubai United Arab Emirates,1,0,0,http://pbs.twimg.com/profile_images/729209652169351168/g1IDwrLM_normal.jpg,https://pbs.twimg.com/profile_banners/3183148346/1488276811/web,0,https://abs.twimg.com/images/themes/theme1/bg.png,0,14400,0,0,The leading Japenese book store in the UAEEnjoy an exclusive experience with the largest collection of bookscomics Manga & magazines. We offer online service,02-05-15 22:15,0118-02-08 21:13:36
5993848,5006,2753,1838,752,10,https://t.co/IcjBtJ6ICu,en,Baghdad,KSA.Tabuk ,0,0,0,http://pbs.twimg.com/profile_images/931642117490991104/tUIFxNa8_normal.jpg,https://pbs.twimg.com/profile_banners/599384875/1425721800/web,1,https://pbs.twimg.com/profile_background_images/627863918/pbsbejf8317mqy0zkhwr.jpeg,333333,10800,0,0,رامي العمراني مهتم بالتصوير والتسوق الالكتروني Snap?: Rami-212,04-06-12 22:11,0118-02-08 21:13:36
3734340,564,393,182,302,7,NULL,en,NULL,Jeddah  Instagram:drtarekarab,0,1,0,http://pbs.twimg.com/profile_images/479161947737178113/Y2WRdBsJ_normal.jpeg,NULL,1,https://abs.twimg.com/images/themes/theme1/bg.png,333333,-1,0,0,https://t.co/mFHox9iRpe OBGYN @JeddahUni.Sexual&pelvic pain bleedingmenopause/HRTurinary&faecal incontinence after childbirthGyn care of cancer patients,14-09-11 21:04,0118-02-08 21:13:37
3490704,844,409,150,171,8,https://t.co/QIyRPzaLjW,en,Eastern Time (US & Canada),Long Island NY,0,0,0,http://pbs.twimg.com/profile_images/597565341242261504/lwkjTxI6_normal.jpg,https://pbs.twimg.com/profile_banners/349070460/1431305742/web,0,https://abs.twimg.com/images/themes/theme1/bg.png,0,-18000,0,0,Licensed Marriage and Family Therapist and Motivational Speaker,05-08-11 19:32,0118-02-08 21:13:37
2873389,989,1367,1828,206,38,https://t.co/pZYLVt7Yim,en,Edinburgh,Edinburgh,0,0,0,http://pbs.twimg.com/profile_images/3117831670/504f0cacaff1c77e65e235240c721087_normal.jpeg,https://pbs.twimg.com/profile_banners/287338900/1492193505/web,1,https://abs.twimg.com/images/themes/theme14/bg.gif,333333,0,0,0,Journalist and author of Al-Britannia My Country - A Journey through Muslim Britain (Bantam Press June 2017),25-04-11 1:33,0118-02-08 21:13:38
22548973,7667,889,592,1211,30,http://t.co/CIbacRHRCE,en,Central Time (US & Canada),kansas city,1,0,0,http://pbs.twimg.com/profile_images/749040947078451202/7gWI0L3v_normal.jpg,https://pbs.twimg.com/profile_banners/22548973/1388375985/web,1,https://pbs.twimg.com/profile_background_images/511950656584679424/8GqNz5Dw.jpeg,0C3E53,-21600,0,0,Writer. Author. Editor. Owner of  http://t.co/sw6KUyECra,03-03-09 4:28,0118-02-08 21:13:38
2272535,10292,882,1099,375,18,https://t.co/4lbn09rupk,en,Pacific Time (US & Canada),Khilafah Ala Minhaajin Nubuwah,0,0,0,http://pbs.twimg.com/profile_images/1752756212/sahabah3_normal.gif,NULL,1,https://abs.twimg.com/images/themes/theme4/bg.gif,3C3940,-28800,0,0,As human we must command justice ..in all forms. Liberation from oppression an injustice. Syria Yemen  Somalia  Afghanistan  Kashmir  Pakistan Palestine.,16-12-10 15:29,0118-02-08 21:13:38
1929695,5555,1167,1693,5555,30,NULL,en,NULL,,1,0,0,http://pbs.twimg.com/profile_images/821817792945065993/C_LH_k_w_normal.jpg,https://pbs.twimg.com/profile_banners/192969545/1376392118/web,1,https://abs.twimg.com/images/themes/theme19/bg.gif,333333,-1,0,0,Cardiologist with interest in CMR and heart failure. Feminist. I love the NHS running science politics good food and good manners.,20-09-10 22:32,0118-02-08 21:13:39
19542502,5937,2661,2514,3898,82,https://t.co/vALhrBiktP,en,London,London England,0,0,0,http://pbs.twimg.com/profile_images/760458382444724224/JCArnKpH_normal.jpg,https://pbs.twimg.com/profile_banners/19542502/1470142269/web,0,https://abs.twimg.com/images/themes/theme6/bg.gif,0,0,0,0,Campaigner & Lib Dem MP candidate for Sutton & Cheam. Tweets in personal & political capacity.,26-01-09 22:01,0118-02-08 21:13:39
2524755,6572,3961,1144,3109,112,https://t.co/K2nuDA600P,en,London,Event City Manchester,1,0,0,http://pbs.twimg.com/profile_images/892397377235161088/UWUwhGJt_normal.jpg,https://pbs.twimg.com/profile_banners/2524755631/1511479530/web,0,https://abs.twimg.com/images/themes/theme1/bg.png,0,0,0,0,"'""The world''s leading 2017 award winning and slam dunking Muslim lifestyle event. We be cool like dat. ? Gearing up towards #MLE2018 on 13-14 Oct Manchester""'",26-05-14 16:19,0118-02-08 21:13:39
23835021,19390,3503,555,7282,87,https://t.co/MDMxP3G2wX,en,Quito,Toronto/Chicago,0,0,0,http://pbs.twimg.com/profile_images/829542763498606593/p9U2slYe_normal.jpg,https://pbs.twimg.com/profile_banners/23835021/1471933462/web,1,https://pbs.twimg.com/profile_background_images/463323383518617601/zI8vbjsp.jpeg,333333,-18000,0,0,Think outside the box | Lawyer @ksmlawyers | Prof. @valpoU & @osgoodeNews  | Speaker @TEDx | Words @TorontoStar @etribune @AJEnglish @MiddleEastEye @CBCNews,12-03-09 3:06,0118-02-08 21:13:40
8092265,1786,547,494,1439,1,https://t.co/5LChN5ItL0,en,NULL,eating,1,1,0,http://pbs.twimg.com/profile_images/968971260511256576/J-Bn6qCH_normal.jpg,https://pbs.twimg.com/profile_banners/809226559/1519852584/web,1,https://abs.twimg.com/images/themes/theme1/bg.png,333333,-1,0,0,And though she be but little she is fierce,07-09-12 22:22,0118-02-08 21:13:40
2993906,19644,1619,2466,2374,33,https://t.co/tYNN3UAUgl,en,Karachi,Lahore Pakistan,1,0,0,http://pbs.twimg.com/profile_images/886170750121631744/3pQHLx7G_normal.jpg,https://pbs.twimg.com/profile_banners/2993906559/1433432183/web,1,https://abs.twimg.com/images/themes/theme9/bg.gif,666666,18000,0,0,Abyssus Abyssum Invocat. A doctor journalist & writer all rolled up in one. Assistant News Editor @ePakistanToday,23-01-15 16:00,0118-02-08 21:13:40
27975847,19471,808,1092,13717,16,NULL,en,Mountain Time (US & Canada),City By The Lake ,1,0,0,http://pbs.twimg.com/profile_images/3238125831/0d934d5ae373dd39ab309f747394a0fa_normal.jpeg,https://pbs.twimg.com/profile_banners/27975847/1373689653/web,1,https://pbs.twimg.com/profile_background_images/877821182/c1b73d57c2f256ec79352e14082b5eaf.jpeg,FF00AD,-25200,0,0,A subject in the documentary foster care the film student at American Islamic College  Convert,01-04-09 3:36,0118-02-08 21:13:41
93144194,6275,632,107,4522,14,NULL,en,Pacific Time (US & Canada),India,0,1,0,http://pbs.twimg.com/profile_images/784909334111064064/8hBpc1sV_normal.jpg,https://pbs.twimg.com/profile_banners/93144194/1497587501/web,1,https://abs.twimg.com/images/themes/theme1/bg.png,333333,-28800,0,0,Assistant Professor; Columnist. Issues:Caste in Muslims; Post-minority condition; Consumer Culture Theory; Biryani.Politically I am NOT a Muslim.,28-11-09 13:43,0118-02-08 21:13:41
45831076,4961,1178,32,183,26,http://t.co/j8tXErga1E,en,London,London,0,1,0,http://pbs.twimg.com/profile_images/450034153392574465/8GeVROqL_normal.jpeg,https://pbs.twimg.com/profile_banners/45831076/1490642896/web,1,https://abs.twimg.com/images/themes/theme1/bg.png,333333,0,0,0,News and views of Muslims in the UK,09-06-09 18:32,0118-02-08 21:13:41
9642947,12916,4128,36,0,11,http://t.co/RQ4HGlM3,en,Chennai,,0,1,0,http://pbs.twimg.com/profile_images/943958853749686272/HJYNjmFq_normal.jpg,NULL,1,https://abs.twimg.com/images/themes/theme1/bg.png,333333,19800,0,0,,22-11-12 19:26,0118-02-08 21:13:42
87413785,3852,357,734,84,3,https://t.co/BSa7RIqnA9,en,Mumbai,19.12116272.82645,1,0,0,http://pbs.twimg.com/profile_images/895630229086978049/KOOAdXth_normal.jpg,https://pbs.twimg.com/profile_banners/87413785/1349292267/web,1,https://pbs.twimg.com/profile_background_images/393153824/3.JPG,2F0A63,19800,0,0,Writer & Director FOLLOW_Ke_Badle_FOLLOW Apni_Guftugu_Ke_Andaz_Pe_Qaabu_Kar_Lo.. Yaha_Tasawwur_Pe_Nuqte_Lagaaye_Jaate_Hain ..,04-11-09 16:36,0118-02-08 21:13:42
2889483,2238,1244,2154,770,10,https://t.co/lTqYKypz4w,en,London,London England,0,0,0,http://pbs.twimg.com/profile_images/891821861964718081/h1m5l-Qa_normal.jpg,https://pbs.twimg.com/profile_banners/288948334/1513169614/web,1,https://abs.twimg.com/images/themes/theme3/bg.gif,634047,0,0,0,Where single Muslims meet (YC S17),28-04-11 0:21,0118-02-08 21:13:42
3406764,7904,2930,639,7654,29,NULL,en,Skopje,,0,0,0,http://pbs.twimg.com/profile_images/968897604540076032/wlWu3Tnx_normal.jpg,https://pbs.twimg.com/profile_banners/3406764629/1519858479/web,1,https://pbs.twimg.com/profile_background_images/650510204606525440/vfNjbP42.jpg,0,3600,0,0,,07-08-15 11:32,0118-02-08 21:13:43
4553207,3530,785,273,16098,7,NULL,en,Pacific Time (US & Canada),Chicago ,1,0,0,http://pbs.twimg.com/profile_images/955336246607433728/Lk-HakmC_normal.jpg,https://pbs.twimg.com/profile_banners/4553207358/1512226527/web,0,https://abs.twimg.com/images/themes/theme1/bg.png,0,-28800,0,0,Goal Digger.,14-12-15 9:55,0118-02-08 21:13:43
2575333,9814,839,354,3706,5,NULL,en,NULL,Baltimore MD,0,0,0,http://pbs.twimg.com/profile_images/942515831157809152/njWJ5S5Z_normal.jpg,https://pbs.twimg.com/profile_banners/2575333604/1519576379/web,0,https://abs.twimg.com/images/themes/theme1/bg.png,0,-1,0,0,“I’m the only lady here still realist nigga in the room.” - Beyonce,19-06-14 0:30,0118-02-08 21:13:43
5591736,8385,1747,3270,7725,42,https://t.co/UHYGLsbXXi,en,Atlantic Time (Canada),NYC,1,0,0,http://pbs.twimg.com/profile_images/797192197506531329/Ki8paiwg_normal.jpg,https://pbs.twimg.com/profile_banners/559173692/1414598714/web,1,https://abs.twimg.com/images/themes/theme14/bg.gif,333333,-14400,0,0,never not organizing • politics • organizing • I believe that we will win • views mine,21-04-12 9:23,0118-02-08 21:13:44
2997355,6265,322,164,4919,2,NULL,en,NULL,Kuwait,1,1,0,http://pbs.twimg.com/profile_images/903622000563892229/mOsV43Ld_normal.jpg,https://pbs.twimg.com/profile_banners/2997355459/1476989733/web,1,https://abs.twimg.com/images/themes/theme1/bg.png,333333,-1,0,0,Aspiring author; human nature student; surfing on a brain wave; finding my way with words.https://t.co/6wHN5IQKjs,26-01-15 22:50,0118-02-08 21:13:44
2892086,13297,282,167,5837,2,NULL,en,Pacific Time (US & Canada),,1,1,0,http://pbs.twimg.com/profile_images/583710023156686849/bPKO4O5y_normal.jpg,https://pbs.twimg.com/profile_banners/2892086752/1432051069/web,1,https://abs.twimg.com/images/themes/theme1/bg.png,333333,-28800,0,0,Just a Desi passing through a Firangi Land. Avatar by Olly Harari.,25-11-14 20:09,0118-02-08 21:13:44
2377972,19748,889,186,2099,22,https://t.co/KGyugrsqmu,en,Pacific Time (US & Canada),Beyond The Horizon,1,0,0,http://pbs.twimg.com/profile_images/905006784854736896/JeLHcnaY_normal.jpg,https://pbs.twimg.com/profile_banners/237797294/1501846547/web,1,https://pbs.twimg.com/profile_background_images/460042724746338304/b4HtP8HD.jpeg,333333,-28800,0,0,I have no idea what I am doing with my life. Its just heading to somewhere I dont know I am busy tweeting.,13-01-11 22:43,0118-02-08 21:13:45
